Delta Time, Position, Velocity, 
10, 0.000002, 0.000499, 
10, 0.000002, 0.000000, 